{"log_evidence": -4709.263638827807, "total_samples": 35074, "unconverged_sample_size": 1, "time": "0:05:26.971551", "number_live_points": 5}